epic_id,capability_area,milestone,parity_scope,compatibility_level,status,requirement_count,evidence
EPIC-000,Clean-room governance and parity baseline,M0,Kestra v1.3.30 public behavior and architecture parity baseline,P0 capability,Planned,7,
EPIC-001,"Repository engineering, CI and release foundation",M0,Kestra v1.3.30 public behavior and architecture parity baseline,P0 capability,Planned,13,
EPIC-002,Canonical resource model and identifiers,M0,Kestra v1.3.30 public behavior and architecture parity baseline,P0 capability,Verified,7,TESTLOG.md; tests/domain/test_identity.py; tests/domain/test_resources.py; tests/executor/test_postgres_executor.py; tests/api/test_mvp_api.py
EPIC-003,Configuration and feature flag system,M0,Kestra v1.3.30 public behavior and architecture parity baseline,P0 capability,Planned,10,
EPIC-004,"Flow DSL, YAML model and schema",M0,Kestra v1.3.30 public behavior and architecture parity baseline,P0 capability,Planned,10,
EPIC-005,Expression and templating engine,M0,Kestra v1.3.30 public behavior and architecture parity baseline,P0 capability,Planned,8,
EPIC-006,"Flow revisions, change history and promotion",M0,Kestra v1.3.30 public behavior and architecture parity baseline,P0 capability,Planned,7,
EPIC-007,Execution event model and state machine,M0,Kestra v1.3.30 public behavior and architecture parity baseline,P0 capability,Planned,12,
EPIC-008,Metadata persistence and migrations,M0,Kestra v1.3.30 public behavior and architecture parity baseline,P0 capability,Planned,11,
EPIC-009,"PostgreSQL transport, inbox and transactional outbox",M0,Kestra v1.3.30 public behavior and architecture parity baseline,P0 capability,Planned,12,
EPIC-010,Internal object storage and artifact addressing,M0,Kestra v1.3.30 public behavior and architecture parity baseline,P0 capability,Planned,12,
EPIC-011,AI-native engineering factory and autonomous contribution controls,M0,AMESH differentiator; not a Kestra-parity claim,Intentional difference,Planned,14,
EPIC-100,Executor and orchestration reducer,M1,Kestra v1.3.30 public behavior and architecture parity baseline,P0 capability,Verified,12,TESTLOG.md; docs/architecture/execution-semantics.md; tests/executor/test_orchestration_reducer.py; tests/executor/test_postgres_executor.py; tests/api/test_mvp_api.py; tests/scheduler/test_cron_scheduler.py
EPIC-101,"Worker protocol, leases and heartbeats",M1,Kestra v1.3.30 public behavior and architecture parity baseline,P0 capability,Planned,10,
EPIC-102,Scheduler and temporal correctness,M1,Kestra v1.3.30 public behavior and architecture parity baseline,P0 capability,Planned,11,
EPIC-103,Trigger runtime and occurrence lifecycle,M1,Kestra v1.3.30 public behavior and architecture parity baseline,P0 capability,Planned,9,
EPIC-104,"Retries, timeout, pause, cancellation, kill and restart",M1,Kestra v1.3.30 public behavior and architecture parity baseline,P0 capability,Planned,9,
EPIC-105,"Concurrency, admission control and fairness",M1,Kestra v1.3.30 public behavior and architecture parity baseline,P0 capability,Planned,11,
EPIC-106,"Backfill, replay and historical reprocessing",M1,Kestra v1.3.30 public behavior and architecture parity baseline,P0 capability,Planned,8,
EPIC-107,"Subflows, dependencies and system flows",M1,Kestra v1.3.30 public behavior and architecture parity baseline,P0 capability,Planned,8,
EPIC-108,"Recovery, reconciliation and invariant repair",M1,Kestra v1.3.30 public behavior and architecture parity baseline,P0 capability,Planned,10,
EPIC-109,Task and execution cache,M1,Kestra v1.3.30 public behavior and architecture parity baseline,P0 capability,Planned,9,
EPIC-110,"SLA, checks and execution policy evaluation",M1,Kestra v1.3.30 public behavior and architecture parity baseline,P0 capability,Planned,8,
EPIC-111,"Logs, metrics, outputs and artifact events",M1,Kestra v1.3.30 public behavior and architecture parity baseline,P0 capability,Planned,10,
EPIC-200,Runnable task contract,M2,Kestra v1.3.30 public behavior and architecture parity baseline,P0 capability,Planned,8,
EPIC-201,"Sequential, parallel and DAG flowables",M2,Kestra v1.3.30 public behavior and architecture parity baseline,P0 capability,Planned,8,
EPIC-202,Conditional branching and switch semantics,M2,Kestra v1.3.30 public behavior and architecture parity baseline,P0 capability,Planned,7,
EPIC-203,"Loops, foreach, while and until",M2,Kestra v1.3.30 public behavior and architecture parity baseline,P0 capability,Planned,9,
EPIC-204,"Errors, finally and after-execution hooks",M2,Kestra v1.3.30 public behavior and architecture parity baseline,P0 capability,Planned,8,
EPIC-205,"Inputs, outputs and variables",M2,Kestra v1.3.30 public behavior and architecture parity baseline,P0 capability,Planned,9,
EPIC-206,"Labels, metadata and plugin defaults",M2,Kestra v1.3.30 public behavior and architecture parity baseline,P0 capability,Planned,7,
EPIC-207,"Namespace files, key-value store and secrets",M2,Kestra v1.3.30 public behavior and architecture parity baseline,P0 capability,Planned,8,
EPIC-208,Working directories and execution files,M2,Kestra v1.3.30 public behavior and architecture parity baseline,P0 capability,Planned,8,
EPIC-209,Task runner interface and capability model,M2,Kestra v1.3.30 public behavior and architecture parity baseline,P0 capability,Planned,10,
EPIC-220,Local process task runner,M2,Kestra v1.3.30 public behavior and architecture parity baseline,P0 capability,Planned,7,
EPIC-221,Docker and OCI task runner,M2,Kestra v1.3.30 public behavior and architecture parity baseline,P0 capability,Planned,9,
EPIC-222,Kubernetes task runner,M2,Kestra v1.3.30 public behavior and architecture parity baseline,P0 capability,Planned,9,
EPIC-223,"Cloud batch, VM and serverless runners",M2,Kestra v1.3.30 public behavior and architecture parity baseline,P0 capability,Planned,8,
EPIC-300,Plugin SDK and manifest contract,M3,Kestra v1.3.30 public behavior and architecture parity baseline,P0 capability,Planned,9,
EPIC-301,"Plugin discovery, resolution and dependency isolation",M3,Kestra v1.3.30 public behavior and architecture parity baseline,P0 capability,Planned,8,
EPIC-302,Trusted in-process plugin runtime,M3,Kestra v1.3.30 public behavior and architecture parity baseline,P0 capability,Planned,8,
EPIC-303,Isolated language-neutral plugin runtime,M3,Kestra v1.3.30 public behavior and architecture parity baseline,P0 capability,Planned,10,
EPIC-304,"Trigger, condition and notification extension contracts",M3,Kestra v1.3.30 public behavior and architecture parity baseline,P0 capability,Planned,7,
EPIC-305,"Plugin registry, signing, SBOM and marketplace metadata",M3,Kestra v1.3.30 public behavior and architecture parity baseline,P0 capability,Planned,10,
EPIC-306,Core utility plugin pack,M3,Kestra v1.3.30 public behavior and architecture parity baseline,P0 capability,Planned,8,
EPIC-307,Multi-language script plugin pack,M3,Kestra v1.3.30 public behavior and architecture parity baseline,P0 capability,Planned,8,
EPIC-308,"Database, analytics and storage plugin pack",M3,Kestra v1.3.30 public behavior and architecture parity baseline,P0 capability,Planned,8,
EPIC-309,Cloud and infrastructure plugin pack,M3,Kestra v1.3.30 public behavior and architecture parity baseline,P0 capability,Planned,8,
EPIC-310,Messaging and event-stream plugin pack,M3,Kestra v1.3.30 public behavior and architecture parity baseline,P0 capability,Planned,8,
EPIC-311,Notification and collaboration plugin pack,M3,Kestra v1.3.30 public behavior and architecture parity baseline,P0 capability,Planned,7,
EPIC-312,"AI, agent and MCP plugin pack",M3,Kestra v1.3.30 public behavior and architecture parity baseline,P0 capability,Planned,8,
EPIC-313,Plugin developer portal and certification suite,M3,Kestra v1.3.30 public behavior and architecture parity baseline,P0 capability,Planned,7,
EPIC-400,Versioned REST API and OpenAPI contract,M4,Kestra v1.3.30 public behavior and architecture parity baseline,P0 capability,Planned,11,
EPIC-401,"Realtime API, webhooks and event subscriptions",M4,Kestra v1.3.30 public behavior and architecture parity baseline,P0 capability,Planned,9,
EPIC-402,CLI and generated client SDKs,M4,Kestra v1.3.30 public behavior and architecture parity baseline,P0 capability,Planned,10,
EPIC-403,Authentication session and credential entry points,M4,Kestra v1.3.30 public behavior and architecture parity baseline,P0 capability,Planned,9,
EPIC-404,"Web UI shell, navigation and accessibility",M4,Kestra v1.3.30 public behavior and architecture parity baseline,P0 capability,Planned,10,
EPIC-405,Flow code editor and validation experience,M4,Kestra v1.3.30 public behavior and architecture parity baseline,P0 capability,Planned,10,
EPIC-406,Visual no-code editor and topology model,M4,Kestra v1.3.30 public behavior and architecture parity baseline,P0 capability,Planned,8,
EPIC-407,"Execution details, Gantt, logs and debugging UI",M4,Kestra v1.3.30 public behavior and architecture parity baseline,P0 capability,Planned,10,
EPIC-408,"Dashboards, query language and saved views",M4,Kestra v1.3.30 public behavior and architecture parity baseline,P0 capability,Planned,8,
EPIC-409,"Search, indexing and retrieval projections",M4,Kestra v1.3.30 public behavior and architecture parity baseline,P0 capability,Planned,11,
EPIC-410,"Namespace, settings and administration UI",M4,Kestra v1.3.30 public behavior and architecture parity baseline,P0 capability,Planned,9,
EPIC-411,"Blueprints, playground and onboarding",M4,Kestra v1.3.30 public behavior and architecture parity baseline,P0 capability,Planned,9,
EPIC-500,"Users, groups, roles, bindings and authorization",M5,Publicly documented Kestra enterprise-class capability; independent fully-OSS implementation,P0 capability,Verified,9,TESTLOG.md; tests/domain/test_authorization.py; tests/adapters/postgres/test_authorization_repository.py; tests/api/test_authorization_api.py
EPIC-501,"Service accounts, API tokens and credentials",M5,Publicly documented Kestra enterprise-class capability; independent fully-OSS implementation,P0 capability,Planned,10,
EPIC-502,"SSO, OIDC, SAML, LDAP and SCIM",M5,Publicly documented Kestra enterprise-class capability; independent fully-OSS implementation,P0 capability,Planned,9,
EPIC-503,Multi-tenancy and resource isolation,M5,Publicly documented Kestra enterprise-class capability; independent fully-OSS implementation,P0 capability,Planned,9,
EPIC-504,Immutable audit log and evidence export,M5,Publicly documented Kestra enterprise-class capability; independent fully-OSS implementation,P0 capability,Planned,12,
EPIC-505,"Plugin allow, restrict and version policy",M5,Publicly documented Kestra enterprise-class capability; independent fully-OSS implementation,P0 capability,Planned,9,
EPIC-506,External secrets managers and secret lifecycle,M5,Publicly documented Kestra enterprise-class capability; independent fully-OSS implementation,P0 capability,Planned,12,
EPIC-507,"Assets, lineage and catalog",M5,Publicly documented Kestra enterprise-class capability; independent fully-OSS implementation,P0 capability,Planned,8,
EPIC-508,"Apps, forms and human approval tasks",M5,Publicly documented Kestra enterprise-class capability; independent fully-OSS implementation,P0 capability,Planned,8,
EPIC-509,"Announcements, maintenance mode and kill switch",M5,Publicly documented Kestra enterprise-class capability; independent fully-OSS implementation,P0 capability,Planned,9,
EPIC-510,Flow unit tests and quality gates,M5,Publicly documented Kestra enterprise-class capability; independent fully-OSS implementation,P0 capability,Planned,8,
EPIC-600,Standalone server and compact deployment,M6,Kestra v1.3.30 public behavior and architecture parity baseline,P0 capability,Planned,11,
EPIC-601,Distributed services and high availability,M6,Publicly documented Kestra enterprise-class capability; independent fully-OSS implementation,P0 capability,Planned,17,
EPIC-602,PostgreSQL transactional backend,M6,Kestra v1.3.30 public behavior and architecture parity baseline,P0 capability,Planned,10,
EPIC-603,PostgreSQL distributed work queue and notifications,M6,Publicly documented Kestra enterprise-class capability; independent fully-OSS implementation,P0 capability,Planned,10,
EPIC-604,Search and analytics projection backend,M6,Publicly documented Kestra enterprise-class capability; independent fully-OSS implementation,P0 capability,Planned,10,
EPIC-605,Object storage backends and lifecycle,M6,Kestra v1.3.30 public behavior and architecture parity baseline,P0 capability,Planned,12,
EPIC-606,"Containers, Kubernetes and Helm deployment",M6,Kestra v1.3.30 public behavior and architecture parity baseline,P0 capability,Planned,13,
EPIC-607,"OpenTelemetry, Prometheus and log shipping",M6,Kestra v1.3.30 public behavior and architecture parity baseline,P0 capability,Planned,15,
EPIC-608,"Retention, purge and data lifecycle",M6,Kestra v1.3.30 public behavior and architecture parity baseline,P0 capability,Planned,10,
EPIC-609,"Backup, restore and disaster recovery",M6,Kestra v1.3.30 public behavior and architecture parity baseline,P0 capability,Planned,10,
EPIC-610,"Upgrades, migrations and LTS policy",M6,Kestra v1.3.30 public behavior and architecture parity baseline,P0 capability,Planned,12,
EPIC-611,"Performance, scale and chaos qualification",M6,Kestra v1.3.30 public behavior and architecture parity baseline,P0 capability,Planned,11,
EPIC-612,Security hardening and software supply chain,M6,Kestra v1.3.30 public behavior and architecture parity baseline,P0 capability,Planned,15,
EPIC-613,"TLS, networking, proxy and private connectivity",M6,Kestra v1.3.30 public behavior and architecture parity baseline,P0 capability,Planned,10,
EPIC-700,Git synchronization and CI/CD helpers,M7,Kestra v1.3.30 public behavior and architecture parity baseline,P0 capability,Planned,8,
EPIC-701,Terraform and OpenTofu provider,M7,Kestra v1.3.30 public behavior and architecture parity baseline,P0 capability,Planned,8,
EPIC-702,Kubernetes operator and declarative resources,M7,Kestra v1.3.30 public behavior and architecture parity baseline,P0 capability,Planned,8,
EPIC-703,Public SDKs and embedded integration libraries,M7,Kestra v1.3.30 public behavior and architecture parity baseline,P0 capability,Planned,8,
EPIC-704,Kestra migration importer and conformance suite,M7,Kestra v1.3.30 public behavior and architecture parity baseline,P1 selected configuration,Planned,19,
EPIC-705,"Documentation, examples and community governance",M7,Kestra v1.3.30 public behavior and architecture parity baseline,P0 capability,Planned,10,
EPIC-706,Reference integration environments and certification,M7,Kestra v1.3.30 public behavior and architecture parity baseline,P0 capability,Planned,8,
EPIC-800,Deterministic simulation and dry-run engine,M8,AMESH differentiator; not a Kestra-parity claim,Intentional difference,Planned,8,
EPIC-801,Agentic authoring and operational assistant,M8,AMESH differentiator; not a Kestra-parity claim,Intentional difference,Planned,8,
EPIC-802,Policy as code and admission controller,M8,AMESH differentiator; not a Kestra-parity claim,Intentional difference,Planned,9,
EPIC-803,Multi-region and edge worker topology,M8,AMESH differentiator; not a Kestra-parity claim,Intentional difference,Planned,8,
EPIC-804,Open enterprise distribution and packaging,M8,AMESH differentiator; not a Kestra-parity claim,Intentional difference,Planned,10,
EPIC-805,General availability quality and launch readiness,M8,AMESH differentiator; not a Kestra-parity claim,Intentional difference,Planned,12,
EPIC-806,First-class agent mesh runtime and governance,M8,AMESH differentiator; not a Kestra-parity claim,Intentional difference,Planned,18,
